{
  "single_needle": {
    "task": "single_needle",
    "accuracy": 1.0,
    "query_ms": 9.184151000226848,
    "memory_bytes": 39096,
    "text_bytes": 814603,
    "compression_ratio": 20.8359678739513
  },
  "multi_needle": {
    "task": "multi_needle",
    "accuracy": 1.0,
    "found": 5,
    "total": 5,
    "pages_returned": 100,
    "tokens_used": 110000,
    "query_ms": 17.671883999810234,
    "memory_bytes": 39096,
    "text_bytes": 814685,
    "compression_ratio": 20.83806527521997
  },
  "multi_hop": {
    "task": "multi_hop",
    "accuracy": 1.0,
    "query_ms": 24.026579999826936,
    "memory_bytes": 35256,
    "text_bytes": 733281,
    "compression_ratio": 20.798757658270933
  },
  "adversarial": {
    "task": "adversarial",
    "clean_accuracy": 1.0,
    "any_accuracy": 1.0,
    "distractor_rate": 0.0,
    "query_ms": 232.93637900042086,
    "memory_bytes": 194456,
    "text_bytes": 4070547,
    "compression_ratio": 20.932997696136916
  }
}